name,domain,district,branches,google_rating,google_reviews,rating_source,classes,intensive,automatic,b197,foreign_licence,english,simulator,prices_public,location_pages,notes
"Peter's Fahrschule",petersfahrschulen.de,"West (Rotebühlstr. 127B, 70178)","1-2",4.9,"~296-304","yably.de (296 Google); gelbeseiten.de (300); clickclickdrive.de combined (304); dates unknown","A1,A2,A,B,BE,BF17,B196,B197,CE,D",not found,yes,yes,not found,not found,yes,"yes (lesson 69 EUR, special drive 82 EUR from 18.03.2026 via t-online)",not found,"Closest profile match; claims high first-pass rate without a number; refresher lessons; t-online example total 3568.82 EUR"
"Thomas' Fahrschule",thomas-fahrschule.com,"Vaihingen (Robert-Koch-Str. 2) + West (Rosenbergstr. 24, 70174)",2,5.0,76,"driveddy.com (West branch only); fahrschulentop.de 4.9/132","B,BE,A,AM,A1,A2,B196,Mofa,BF17",not found,yes,not found,not found,not found,not found,not found,"no (title keyword-stuffed with districts)","Same postcode as Fahrschulring; cars and motorcycles only"
"Fahrschule Schille",fahrschule-schille.de,"Feuerbach (Wilhelm-Geiger-Platz 1)",1,4.9,"~426-589","diebestenderstadt.de 4.9/426; mpu-world.de 5.0/589 (Google Maps); simply-way.de 4.9/575 combined; self-claim >400 five-star","B,BF17,A,A1,A2,AM,Mofa",yes (intensive/holiday courses),not found,not found,not found,not found,not found,no,"partial (/fahrschule-stuttgart-auto-und-motorrad/ landing page)","Review-volume leader; #1 threebestrated.de; 25% referral discount on registration fee"
"ACADEMY Fahrschule Lutz",academy-fahrschule-lutz.de,"Mitte (Sophienstr. 40) + Wangen, Untertürkheim, Fellbach, Truck & Bus Wangen",5,4.6-4.7,"142 / 502 / 531","diebestenderstadt.de 4.7/142; listando.de 4.6/502; 11880 older 4.6/531","B, motorcycle, C1,C1E,C,CE,D1,D1E,D,DE, professional-driver training",yes (theory 7 / theory+practice 12 working days),not found,not found,not found,not found,yes (Sifat truck simulator),"no (on request)",yes (per-location pages),"Strongest truck/bus rival; per-class pages; #2 threebestrated.de"
"Fun S Drive (ACADEMY Fahrschule FUN S DRIVE)",funsdrive.de,"Zuffenhausen (Hans-Scharoun-Platz 1); listings also Mitte (Landhausstr. 45) and Ost","1-3",not found,not found,"infahrschulen.de 4.9/210 (platform unclear); 11880 3.67/3","B,B197,automatic (code 78),A classes,C1,C1E,C,CE,D,DE",yes (car 10 working days, base fee 299 EUR; motorcycle 8 working days),yes,yes,not found,not found,not found,"yes (base fee 299.90, lesson 68.90, theory-exam fee 89.90; valid 01.04.2026)",yes (Zuffenhausen page),"Cheapest in t-online comparison (3413.72 EUR); strongest SEO/content operator"
"Fahrschule Sieber GmbH",fahrschule-sieber.de,"Ost (Wagenburgstr. 138, 70186)",1,4.9,"~293-304","listando.de 4.9/293 (Google Maps); another portal google.de 4.90/304; reviewhero 4.93/281 on 2 portals","B,BE,C,CE,professional-driver modules,B197",yes (theory+practice 10 working days; holiday courses),yes,yes,not found,not found,not found,"partial (lesson 70, special drive 80, materials 100 EUR via t-online)",no,"werkenntdenbesten.de lists Sieber at Hegelstr. 48 with 4.90/327 - likely mixed-up Fahrschulring data; verify and correct"
"Fahrschule Campos GmbH",fahrschule-campos.de,"Hallschlag/Bad Cannstatt (Bottroper Str. 8), West (Hasenbergstr. 68), Badstr. 9, Feuerbach; Waiblingen","4-5",not found,not found,"reviewhero.io 4.69/412 on 2 portals; fahrschulentop.de 5/200","AM,A1,A2,A,B,BE,B96,C1,C1E,C,CE,D1,D1E,D,DE,L,T",yes ('10 days' per third-party listing),yes,not found,not found,not found,not found,no,not found,"Only other operator with full range from AM to DE plus T and L; mixed golocal reviews"
"Fahrschule Kesmez",fahrschule-kesmez.de,"Bad Cannstatt (König-Karl-Str. 26) + Filderstadt-Bernhausen",2,not found,not found,"ProvenExpert 5.00/146 (2023-2025); Google not found","Mofa,A1,A2,A,B,BE,C,CE,D,DE,professional-driver training",not found,yes,not found,not found,"yes (registration in DE/TR/AL/SR-HR/EN)",not found,not found,not found,"Esslingen branch announced; multilingual onboarding"
"PS Fahrschulen / TIP Fahrschule","ps-fahrschulen.de; fahrschuletip.de","Mitte (Neue Brücke 6) + Bad Cannstatt (Waiblinger Str. 1) + others","2+",4.3,"488 (combined)","clickclickdrive.de (Google 4.3 within 488 combined); topfahrschulen.com 4.4/460; Yelp 2.9/10","B,automatic,BF17,B197,A,AM,A1,A2,B196,boat",yes (holiday/intensive),yes,yes,not found,not found,not found,no,not found,"City-centre rival with weaker rating; 'Preiswert + Schnell' branding; #3 threebestrated.de"
"Twentyfive Fahrschule",twentyfive-fahrschule.de,"Zuffenhausen (Elsässerstr. 16); also listed Hasenbergstr. 68 (West)","1-2",4.9,"341 (combined)","clickclickdrive.de combined (Google 4.9); werkenntdenbesten.de 536 on 5 portals","B (others not found)",not found,not found,not found,yes,"yes (English site /en; lessons DE/EN/TR per clickclickdrive)",not found,no,not found,"Expat targeting"
"M.T.V. Fahrschule",mtv-fahrschule.de,"Degerloch, Sillenbuch, Heumaden (+ Leinfelden-Echterdingen HQ, Ostfildern x2)","5-6",not found,not found,not found,"B,BE,B96,A,A2,A1,AM,Mofa,B197,BF17,(L,T)",not found,yes,yes,not found,not found,not found,"partial (about 79 EUR/lesson via fahrschulekosten.de)",not found,"Most expensive in t-online comparison (4188.44 EUR)"
"Maier Fahrschulen","maier-fahrschulen.de; german-driving-licence.com","Obertürkheim (Bahnhof Obertürkheim 1) + Esslingen",2,not found,not found,not found,"B (others not found)",not found,not found,not found,"yes (licence exchange; registration 250 EUR, prepayment 500 EUR)",yes (separate English domain),not found,yes (on english domain),not found,"Possibly the 'Mayer' candidate; best English-language SEO"
"Driving School Stuttgart (stuttgartexpats.com)",stuttgartexpats.com,"not found (first-aid venue Stöckachstr. 9, 70190)",not found,not found,not found,not found,"B",not found,not found,not found,yes (translation 49-69 EUR),yes (all English),not found,"yes (sign-up fee 429 EUR, first aid 79.50 EUR)","yes (Leonberg, Böblingen city pages)","May be a marketing front for a partner school (inference)"
"Fahrschule Ates",atesfahrschule.de,"Bad Cannstatt (Bahnhofstr. 13/17; Kleemannstr. 20); Süd (Möhringer Str. 133)","2-4 (related entities)",not found,not found,"ProvenExpert 4.70/73","B,BF17,motorcycle,C,C1,CE,C1E; ASF/FES seminars",not found,not found,not found,not found,not found,not found,not found,not found,"Several related legal entities; unclear grouping"
"ACADEMY Fahrschule Baumann",academy-fahrschule-baumann.de,"Vaihingen (Hauptstr. 13) + Leinfelden, Echterdingen, Stetten, Plattenhardt","4-5",not found,not found,not found,"B,BF17,B78,B197,BE",not found,yes,yes,not found,not found,yes (Vaihingen and Echterdingen),not found,yes,"Team of 22"
"Fahrschule V.I.P",fahrschule-vip.com,"Bad Cannstatt (Seelbergstr. 18)",1,not found,not found,"golocal 4.0/5; fahrschulentop.de 9.7/173 (10-point scale)","B,B78,B197,BE,B96,A,A2,A1,AM",not found,yes,yes,not found,"no (theory in German and Turkish)",not found,not found,not found,"Conflicting legal form (GmbH/UG) in directories"
"City-Fahrschule Stuttgart GmbH",cityfahrschulestuttgart.com,"West (Johannesstr. 33)",1,not found,not found,"clickclickdrive.de 4.6/~16; golocal 4.5/3","B, motorcycle",yes (per directory),not found,not found,not found,not found,not found,not found,not found,"Commercial register (northdata): in liquidation since 22.06.2022 - likely winding down"
"Fahrschule Wengert (Gerlingen, outside Stuttgart)",fahrschule-wengert.de,"Gerlingen (Weilimdorfer Str. 24)",1,not found,not found,not found,"B,BE,B96,A1,A2,A,AM,L",not found,not found,not found,not found,not found,not found,"yes (base fee 420, lesson 69, special drive 78 EUR; own example about 3426 EUR)",not found,"Included in t-online Stuttgart comparison (3580.82 EUR)"
