group,primary_keyword,secondary_keywords,semantic_terms,search_intent,funnel_stage,commercial_value,content_type,recommended_page,priority,notes
BRAND,Fahrschulring Stuttgart,"Fahrschulring; Fahrschulring Hegelstraße; Fahrschulring Bewertungen; Fahrschulring Erfahrungen","Fahrschulring GmbH; Frank Eibl; Hegelstraße 48; 4,9 Sterne","navigational",decision,high,homepage + GBP,/,P0,"name collides with Fahrschulring Regensburg → alternateName + 'Stuttgart' everywhere"
LOCAL DISCOVERY,Fahrschule Stuttgart,"Fahrschulen Stuttgart; gute Fahrschule Stuttgart; Fahrschule in Stuttgart; beste Fahrschule Stuttgart","Fahrschule Stuttgart-Mitte; Stuttgart-West; Hegelplatz; Berliner Platz; Liederhalle","commercial/local",consideration,very high,homepage (local entity page),/,P0,"aggregators dominate; GBP + reviews decide the Local Pack"
LOCAL DISCOVERY,Fahrschule Stuttgart Mitte,"Fahrschule Stuttgart Zentrum; Fahrschule Stuttgart West; Fahrschule Stuttgart Innenstadt","Stadtbezirk Mitte; Feuersee; Rosenbergstraße","local transactional",consideration,very high,homepage + Anfahrt,"/ and /anfahrt/",P0,"both 'Mitte' and 'West' wording on site and in listings; no doorway pages"
LOCAL DISCOVERY,Führerschein Stuttgart,"Führerschein machen Stuttgart; Führerschein beantragen Stuttgart","Führerscheinstelle Stuttgart Löwentorbogen 11; Antrag online; TÜV SÜD Feuerbach","informational→transactional",awareness,high,process guide,/fuehrerschein-ablauf/,P1,"stuttgart.de ranks; link to it as authority"
CLASS B,Führerschein Klasse B Stuttgart,"Fahrschule Klasse B Stuttgart; Autoführerschein Stuttgart; PKW Führerschein Stuttgart","Klasse B 3.500 kg; 14 Theoriestunden; 12 Sonderfahrten; Probezeit","transactional",decision,very high,class landing page,/klassen/auto/,P1,"query without 'Fahrschule' returns job ads — include 'Fahrschule' in title"
B197,B197 Stuttgart,"B197 Führerschein Stuttgart; Automatik Führerschein mit Schaltung; Schlüsselzahl 197","10 Schaltstunden; 15-Minuten-Testfahrt; keine Zusatzprüfung","transactional/informational",consideration,high,section + FAQ on class page,/klassen/auto/#faq,P1,"nobody explains B197 vs 78 locally"
AUTOMATIC,Automatik Führerschein Stuttgart,"Automatik Fahrschule Stuttgart; B78 Stuttgart; Führerschein Elektroauto Stuttgart; Fahrschule E-Auto Stuttgart","Schlüsselzahl 78; VW Golf Automatik; Kia Niro; VW ID.3; MG4; Tesla Model S","transactional",decision,high,class page section,/klassen/auto/,P1,"EV fleet is a unique differentiator"
BF17,BF17 Stuttgart,"Begleitetes Fahren ab 17 Stuttgart; Führerschein mit 17 Stuttgart; Führerschein ab 16,5 beantragen","Begleitperson 30 Jahre 5 Jahre 1 Punkt; Prüfungsbescheinigung","informational→transactional",consideration,high,section + FAQ,/klassen/auto/,P1,
MOTORCYCLE,Motorradführerschein Stuttgart,"Fahrschule Motorrad Stuttgart; Klasse A Stuttgart; A2 Führerschein Stuttgart; A1 Führerschein Stuttgart; AM Führerschein Roller Stuttgart; Motorrad Fahrschule Stuttgart Mitte","Stufenaufstieg A2 auf A; 35 kW; 125er; Grundfahraufgaben","transactional",decision,high,class landing page,/klassen/motorrad/,P1,"seasonal peak spring"
MOTORCYCLE,B196 Stuttgart,"B196 Fahrschule Stuttgart; 125er mit Autoführerschein Stuttgart; B196 Schulung","25 Jahre; 5 Jahre Klasse B; 4 Theorie 5 Praxis; keine Prüfung; nur Deutschland","transactional",decision,high,section + FAQ,/klassen/motorrad/,P1,"KTM Duke 125 photo"
TRAILER,BE Führerschein Stuttgart,"Anhängerführerschein Stuttgart; B96 Stuttgart; Klasse BE Fahrschule Stuttgart; Wohnwagen Führerschein Stuttgart","3.500 kg; 4.250 kg; 7 Stunden Schulung; praktische Prüfung ohne Theorie","transactional",decision,high,class landing page,/klassen/anhaenger/,P1,"few local competitors (Sieber /b96)"
INTENSIVE COURSE,Intensivkurs Führerschein Stuttgart,"Führerschein Schnellkurs Stuttgart; Ferienkurs Fahrschule Stuttgart; Führerschein in 2 Wochen Stuttgart","Intensivkurs Klasse B; Theorie in 7 Tagen","transactional",decision,very high,service page (needs owner confirmation of format),/intensivkurs/ (planned),P2,"Fun S Drive dominates; FAQ answer exists on Ablauf page"
REFRESHER DRIVING,Auffrischungsfahrten Stuttgart,"Auffrischungsstunden Fahrschule Stuttgart; Fahrstunden für Führerscheinbesitzer Stuttgart; Fahrangst Fahrschule Stuttgart; Angst vorm Autofahren Fahrschule","Wiedereinsteiger; Fahrsimulator; Autobahn üben","transactional/support",decision,high,service page (owner to confirm offer),/auffrischung/ (planned),P2,"thin SERP; old site already ranks #8 for it"
FOREIGN LICENCE,Führerschein umschreiben Stuttgart,"ausländischen Führerschein umschreiben Stuttgart; Führerschein Umschreibung Fahrschule Stuttgart; driving licence conversion Stuttgart; English speaking driving school Stuttgart","185 Tage; Anlage 11; Drittstaat; Theorieprüfung Englisch; Führerscheinstelle Löwentorbogen","informational→transactional",consideration,high,topic page DE + EN section,/fuehrerschein-umschreiben/,P1,"no school visible for this → open slot"
THEORY,Theorieprüfung Stuttgart,"Theorieunterricht Stuttgart; Theorie Fahrschule Stuttgart Abend; Theorieprüfung Fremdsprachen","30 Fragen 10 Fehlerpunkte; 12 Fremdsprachen; TÜV SÜD","informational",consideration,medium,section on process page,/fuehrerschein-ablauf/,P2,
PRACTICAL EXAM,praktische Fahrprüfung Stuttgart,"Fahrprüfung Stuttgart Feuerbach; Prüfungsstrecke Stuttgart; TÜV Stuttgart Fahrprüfung","Krailenshaldenstraße; Durchfallquote; Prüfer","informational",consideration,medium,section on process page,/fuehrerschein-ablauf/,P2,"avoid exact minutes (sources conflict)"
COST,Führerschein Kosten Stuttgart,"was kostet der Führerschein in Stuttgart; Führerschein Kosten Klasse B Stuttgart; Fahrschule Kosten Stuttgart","Grundgebühr; Fahrstunde 45 Minuten; Sonderfahrten; TÜV Gebühren 24,99 129,83; Durchschnitt 3.400 €","commercial investigation",consideration,high,cost explainer,/fuehrerschein-kosten/,P1,"no own prices without owner"
PRICE,Fahrschule Stuttgart Preise,"Führerschein Preise Stuttgart; Fahrstunden Preis Stuttgart; Fahrschule Preisliste Stuttgart","Preisliste; Grundbetrag; Fahrstunde","commercial",decision,very high,price page (only with real prices),/preise/ (planned),P2,"t-online compares schools with public prices"
REQUIREMENTS,Führerschein Voraussetzungen,"Unterlagen Führerschein Antrag; Sehtest Erste-Hilfe-Kurs Führerschein; Führerschein Mindestalter","biometrisches Passfoto; Sehtest 2 Jahre; 9 UE Erste Hilfe","informational",awareness,medium,process page table,/fuehrerschein-ablauf/,P1,
REQUIREMENTS,LKW Führerschein Stuttgart,"Busführerschein Stuttgart; C1 Führerschein Stuttgart; CE Führerschein Stuttgart; Klasse D Stuttgart; Berufskraftfahrer Stuttgart","ärztliche Untersuchung; Bildungsgutschein; Sattelzug; Setra","transactional (B2B)",decision,very high,class landing page,/klassen/lkw-bus/,P1,"few central competitors"
LOCATION,Fahrschule Hegelstraße Stuttgart,"Fahrschule Berliner Platz; Fahrschule Liederhalle; Fahrschule Feuersee; Anfahrt Fahrschulring","Stadtbahn Russische Kirche; Bus 43; Parken","navigational/local",decision,medium,Anfahrt page,/anfahrt/,P2,"verify transit lines with VVS"
REVIEWS,Fahrschulring Bewertungen,"Fahrschule Stuttgart Bewertungen; Fahrschule Stuttgart Erfahrungen; beste bewertete Fahrschule Stuttgart","4,9 Sterne; 325 Bewertungen; Google Rezensionen","commercial (validation)",decision,high,homepage reviews section + GBP + aggregators,/#faq (reviews section),P1,"off-site: aggregators must show the count"
BEGINNER QUESTIONS,Wie lange dauert der Führerschein,"ab wann Führerschein beantragen; Führerschein mit 17; wie viele Fahrstunden braucht man; Führerscheinreform 2027 was ändert sich","Pflichtstunden; Sonderfahrten; Reform nicht in Kraft","informational",awareness,medium,FAQ blocks on every page,"/fuehrerschein-ablauf/#faq, /klassen/auto/#faq",P1,"FAQPage JSON-LD mirrors visible FAQ"
BEGINNER QUESTIONS,Fahrsimulator Fahrschule Stuttgart,"Fahrschule mit Simulator Stuttgart; Fahrsimulator Führerschein","Gefahrensituationen; Anfahren üben","niche",awareness,medium,homepage Highlights + Auto page section,/#fuhrpark,P3,"possible own page later with video"
